CV,Predictive_Ability_r,RMSE
KFold (leakage),0.09373581724792088,1.6532052397033874
GroupKFold (genetic groups k=10),0.07673096902700416,1.6595842882099388
