CV,Predictive_Ability_r,RMSE
KFold (leakage),0.09373581724792092,1.6532052397033874
GroupKFold (genetic groups k=10),0.0767309690270043,1.6595842882099385
